Agent,Map
Jett,Ascent
Kayo,Ascent
Chamber,Ascent
Astra,Ascent
Breach,Ascent
Brimstone,Ascent
Cypher,Ascent
Fade,Ascent
Killjoy,Ascent
Neon,Ascent
Omen,Ascent
Phoenix,Ascent
Raze,Ascent
Reyna,Ascent
Sage,Ascent
Skye,Ascent
Sova,Ascent
Viper,Ascent
Harbor,Ascent
Yoru,Ascent
Jett,Bind
Kayo,Bind
Chamber,Bind
Astra,Bind
Breach,Bind
Brimstone,Bind
Cypher,Bind
Fade,Bind
Killjoy,Bind
Neon,Bind
Omen,Bind
Phoenix,Bind
Raze,Bind
Reyna,Bind
Sage,Bind
Skye,Bind
Sova,Bind
Viper,Bind
Yoru,Bind
Harbor,Bind
Jett,Breeze
Kayo,Breeze
Chamber,Breeze
Astra,Breeze
Breach,Breeze
Brimstone,Breeze
Cypher,Breeze
Fade,Breeze
Killjoy,Breeze
Neon,Breeze
Omen,Breeze
Phoenix,Breeze
Raze,Breeze
Reyna,Breeze
Sage,Breeze
Skye,Breeze
Sova,Breeze
Viper,Breeze
Yoru,Breeze
Harbor,Breeze
Jett,Fracture
Kayo,Fracture
Chamber,Fracture
Astra,Fracture
Breach,Fracture
Brimstone,Fracture
Cypher,Fracture
Fade,Fracture
Killjoy,Fracture
Neon,Fracture
Omen,Fracture
Phoenix,Fracture
Raze,Fracture
Reyna,Fracture
Sage,Fracture
Skye,Fracture
Sova,Fracture
Viper,Fracture
Yoru,Fracture
Harbor,Fracture
Jett,Haven
Kayo,Haven
Chamber,Haven
Astra,Haven
Breach,Haven
Brimstone,Haven
Cypher,Haven
Fade,Haven
Killjoy,Haven
Neon,Haven
Omen,Haven
Phoenix,Haven
Raze,Haven
Reyna,Haven
Sage,Haven
Skye,Haven
Sova,Haven
Viper,Haven
Yoru,Haven
Harbor,Haven
Jett,Icebox
Kayo,Icebox
Chamber,Icebox
Astra,Icebox
Breach,Icebox
Brimstone,Icebox
Cypher,Icebox
Fade,Icebox
Killjoy,Icebox
Neon,Icebox
Omen,Icebox
Phoenix,Icebox
Raze,Icebox
Reyna,Icebox
Sage,Icebox
Skye,Icebox
Sova,Icebox
Viper,Icebox
Yoru,Icebox
Harbor,Icebox
Jett,Split
Kayo,Split
Chamber,Split
Astra,Split
Breach,Split
Brimstone,Split
Cypher,Split
Fade,Split
Killjoy,Split
Neon,Split
Omen,Split
Phoenix,Split
Raze,Split
Reyna,Split
Sage,Split
Skye,Split
Sova,Split
Viper,Split
Yoru,Split
Harbor,Split
Jett,Pearl
Kayo,Pearl
Chamber,Pearl
Astra,Pearl
Breach,Pearl
Brimstone,Pearl
Cypher,Pearl
Fade,Pearl
Killjoy,Pearl
Neon,Pearl
Omen,Pearl
Phoenix,Pearl
Raze,Pearl
Reyna,Pearl
Sage,Pearl
Skye,Pearl
Sova,Pearl
Viper,Pearl
Yoru,Pearl
Harbor,Pearl